-- phpMyAdmin SQL Dump
-- version 5.0.2
-- https://www.phpmyadmin.net/
--
-- Host: localhost:3306
-- Generation Time: Aug 13, 2020 at 09:16 PM
-- Server version: 5.7.24
-- PHP Version: 7.4.9

SET SQL_MODE = "NO_AUTO_VALUE_ON_ZERO";
START TRANSACTION;
SET time_zone = "+00:00";


/*!40101 SET @OLD_CHARACTER_SET_CLIENT=@@CHARACTER_SET_CLIENT */;
/*!40101 SET @OLD_CHARACTER_SET_RESULTS=@@CHARACTER_SET_RESULTS */;
/*!40101 SET @OLD_COLLATION_CONNECTION=@@COLLATION_CONNECTION */;
/*!40101 SET NAMES utf8mb4 */;

--
-- Database: `mysql-file`
--

-- --------------------------------------------------------

--
-- Table structure for table `governorates`
--

CREATE TABLE `governorates` (
  `id` int(11) NOT NULL,
  `governorates` varchar(90) NOT NULL
) ENGINE=InnoDB DEFAULT CHARSET=utf8;

--
-- Dumping data for table `governorates`
--

INSERT INTO `governorates` (`id`, `governorates`) VALUES
(1, 'القاهرة'),
(2, 'الجيزة'),
(3, 'الأسكندرية'),
(4, 'الدقهلية'),
(5, 'البحر الأحمر'),
(6, 'البحيرة'),
(7, 'الفيوم'),
(8, 'الغربية'),
(9, 'الإسماعلية'),
(10, 'المنوفية'),
(11, 'المنيا'),
(12, 'القليوبية'),
(13, 'الوادي الجديد'),
(14, 'السويس'),
(15, 'اسوان'),
(16, 'اسيوط'),
(17, 'بني سويف'),
(18, 'بورسعيد'),
(19, 'دمياط'),
(20, 'الشرقية'),
(21, 'جنوب سيناء'),
(22, 'كفر الشيخ'),
(23, 'مطروح'),
(24, 'الأقصر'),
(25, 'قنا'),
(26, 'شمال سيناء'),
(27, 'سوهاج');

-- --------------------------------------------------------

--
-- Table structure for table `military`
--

CREATE TABLE `military` (
  `id` int(11) NOT NULL,
  `center` varchar(90) NOT NULL,
  `governorate_id` int(11) NOT NULL,
  `military` varchar(90) NOT NULL
) ENGINE=InnoDB DEFAULT CHARSET=utf8;

--
-- Dumping data for table `military`
--

INSERT INTO `military` (`id`, `center`, `governorate_id`, `military`) VALUES
(1, 'قسم الأزبكية', 1, 'القاهرة'),
(2, 'قسم الجمالية', 1, 'القاهرة'),
(3, 'قسم الخليفة', 1, 'القاهرة'),
(4, 'قسم الدرب الأحمر', 1, 'القاهرة'),
(5, 'قسم الزيتون ', 1, 'القاهرة'),
(6, 'قسم الساحل', 1, 'القاهرة'),
(7, 'قسم السيدة زينب', 1, 'القاهرة'),
(8, 'قسم الظاهر', 1, 'القاهرة'),
(9, 'قسم المطرية', 1, 'القاهرة'),
(10, 'قسم المعادي', 1, 'القاهرة'),
(11, 'قسم الموسكي', 1, 'القاهرة'),
(12, 'قسم الوايلي', 1, 'القاهرة'),
(13, 'قسم باب الشعرية', 1, 'القاهرة'),
(14, 'قسم بولاق أبو العلا', 1, 'القاهرة'),
(15, 'قسم حلوان', 1, 'القاهرة'),
(16, 'قسم روض الفرج', 1, 'القاهرة'),
(17, 'قسم شبرا مصر', 1, 'القاهرة'),
(18, 'قسم عابدين', 1, 'القاهرة'),
(19, 'قسم قصر النيل', 1, 'القاهرة'),
(20, 'قسم مصر الجديدة', 1, 'القاهرة'),
(21, 'قسم مصر القديمة', 1, 'القاهرة'),
(22, 'قسم النزهة', 1, 'القاهرة'),
(23, 'قسم حدائق القبة', 1, 'القاهرة'),
(24, 'قسم مدينة نصر', 1, 'القاهرة'),
(25, 'قسم التبين', 1, 'القاهرة'),
(26, 'قسم الشرابية', 1, 'القاهرة'),
(27, 'قسم عين شمس', 1, 'القاهرة'),
(28, 'قسم الزاوية الحمراء', 1, 'القاهرة'),
(29, 'قسم السلام', 1, 'القاهرة'),
(30, 'قسم الزمالك', 1, 'القاهرة'),
(31, 'قسم منشية ناصر', 1, 'القاهرة'),
(32, 'قسم البساتين', 1, 'القاهرة'),
(33, 'قسم 15-مايو', 1, 'القاهرة'),
(34, 'قسم طرة المعادي', 1, 'القاهرة'),
(35, 'قسم ثان مدينة نصر', 1, 'القاهرة'),
(36, 'قسم المرج', 1, 'القاهرة'),
(37, 'قسم القاهرة الجديدة', 1, 'القاهرة'),
(38, 'قسم مدينة الأمل', 1, 'القاهرة'),
(39, 'قسم مدينة بدر', 1, 'القاهرة'),
(40, 'مركز الشروق', 1, 'القاهرة'),
(41, 'قسم التجمع الأول', 1, 'القاهرة'),
(42, 'قسم أول القاهرة الجديدة', 1, 'القاهرة'),
(43, 'قسم ثان القاهرة الجديدة', 1, 'القاهرة'),
(44, 'قسم ثالث القاهرة', 1, 'القاهرة'),
(45, 'مركز البدرشين', 2, 'الجيزة'),
(46, 'مركز الجيزة', 2, 'الجيزة'),
(47, 'قسم الشيخ زايد', 2, 'الجيزة'),
(48, 'قسم الصف', 2, 'الجيزة'),
(49, 'مركز العياط', 2, 'الجيزة'),
(50, 'قسم الواحات البحرية', 2, 'الجيزة'),
(51, 'قسم امبابة', 2, 'الجيزة'),
(52, 'قسم الجيزة', 2, 'الجيزة'),
(53, 'قسم الدقي', 2, 'الجيزة'),
(54, 'قسم الأهرام', 2, 'الجيزة'),
(55, 'قسم امبابة', 2, 'الجيزة'),
(56, 'قسم العجوزة', 2, 'الجيزة'),
(57, 'قسم بولاق الدكرور', 2, 'الجيزة'),
(58, 'مركز الحوامدية', 2, 'الجيزة'),
(59, 'مركز اوسيم', 2, 'الجيزة'),
(60, 'مركز اطفيح', 2, 'الجيزة'),
(61, 'قسم 06-أكتوبر', 2, 'الجيزة'),
(62, 'قسم العمرانية', 2, 'الجيزة'),
(63, 'قسم وراق الحضر', 2, 'الجيزة'),
(64, 'مركز الشيخ زايد', 2, 'الجيزة'),
(65, 'مركز كرداسة ', 2, 'الجيزة'),
(66, 'قسم أول 6 اكتوبر', 2, 'الجيزة'),
(67, 'قسم ثان 6 اكتوبر', 2, 'الجيزة'),
(68, 'قسم الجمرك', 3, 'الأسكندرية'),
(69, 'قسم الدخيلة', 3, 'الأسكندرية'),
(70, 'قسم الرمل', 3, 'الأسكندرية'),
(71, 'قسم العطارين', 3, 'الأسكندرية'),
(72, 'قسم اللبان', 3, 'الأسكندرية'),
(73, 'قسم المنتزه', 3, 'الأسكندرية'),
(74, 'قسم المنشية', 3, 'الأسكندرية'),
(75, 'قسم باب شرق', 3, 'الأسكندرية'),
(76, 'قسم برج العرب', 3, 'الأسكندرية'),
(77, 'قسم كرموز', 3, 'الأسكندرية'),
(78, 'قسم محرم بك', 3, 'الأسكندرية'),
(79, 'قسم مينا البصل', 3, 'الأسكندرية'),
(80, 'قسم العامرية', 3, 'الأسكندرية'),
(81, 'قسم ميناء الأسكندرية', 3, 'الأسكندرية'),
(82, 'قسم سيدي جابر', 3, 'الأسكندرية'),
(83, 'قسم غربال', 3, 'الأسكندرية'),
(84, 'قسم أول الرمل', 3, 'الأسكندرية'),
(85, 'قسم ثان الرمل', 3, 'الأسكندرية'),
(86, 'مركز اجا', 4, 'المنصورة'),
(87, 'مركز السنبلاوين', 4, 'المنصورة'),
(88, 'مركز المنزلة', 4, 'المنصورة'),
(89, 'مركز المنصورة', 4, 'المنصورة'),
(90, 'قسم أول منصورة', 4, 'المنصورة'),
(91, 'مركز بلقاس', 4, 'المنصورة'),
(92, 'قسم ثان المنصورة ', 4, 'المنصورة'),
(93, 'مركز دكرنس', 4, 'المنصورة'),
(94, 'مركز شربين', 4, 'المنصورة'),
(95, 'مركز طلخا', 4, 'المنصورة'),
(96, 'مركز ميت غمر', 4, 'المنصورة'),
(97, 'قسم المطرية ', 4, 'المنصورة'),
(98, 'قسم ميت غمر', 4, 'المنصورة'),
(99, 'مركز منية النصر', 4, 'المنصورة'),
(100, 'مركز الجمالية', 4, 'المنصورة'),
(101, 'مركز تمي الأمديد', 4, 'المنصورة'),
(102, 'مركز بطرة', 4, 'المنصورة'),
(103, 'مركز ميت سلسيل', 4, 'المنصورة'),
(104, 'مركز بني عبيد', 4, 'المنصورة'),
(105, 'مركز محلة دمنة', 4, 'المنصورة'),
(106, 'مركز جمصة', 4, 'المنصورة'),
(107, 'مركز نبروه', 4, 'المنصورة'),
(108, 'قسم الغرقة', 5, 'قنا'),
(109, 'مركز القصير', 5, 'قنا'),
(110, 'مركز سفاجا', 5, 'قنا'),
(111, 'قسم رأس غارب', 5, 'قنا'),
(112, 'قسم مرسى علم', 5, 'قنا'),
(113, 'قسم الشلاتين', 5, 'قنا'),
(114, 'قسم حلايب', 5, 'قنا'),
(115, 'قسم أول الغردقة', 5, 'قنا'),
(116, 'قسم ثان الغردقة', 5, 'قنا'),
(117, 'مركز أبو المطامير', 6, 'الأسكندرية'),
(118, 'مركز أبو حمص', 6, 'الأسكندرية'),
(119, 'مركز الدلنجات', 6, 'الأسكندرية'),
(120, 'مركز المحمودية', 6, 'الأسكندرية'),
(121, 'مركز ايتاي البارود', 6, 'الأسكندرية'),
(122, 'مركز حوش عيسى', 6, 'الأسكندرية'),
(123, 'قسم دمنهور', 6, 'الأسكندرية'),
(124, 'مركز دمنهور', 6, 'الأسكندرية'),
(125, 'مركز رشيد', 6, 'الأسكندرية'),
(126, 'مركز شبراخيت', 6, 'الأسكندرية'),
(127, 'مركز كفر الدوار', 6, 'الأسكندرية'),
(128, 'مركز كوم حمادة', 6, 'الأسكندرية'),
(129, 'مركز وادي النطرون', 6, 'الأسكندرية'),
(130, 'قسم كفر الدوار', 6, 'الأسكندرية'),
(131, 'مركز الرحمانية', 6, 'الأسكندرية'),
(132, 'مركز ادكو', 6, 'الأسكندرية'),
(133, 'مركز بدر', 6, 'الأسكندرية'),
(134, 'قسم غرب النوبارية ', 6, 'الأسكندرية'),
(135, 'مركز ابشواى', 7, 'الجيزة'),
(136, 'مركز اطسا', 7, 'الجيزة'),
(137, 'قسم الفيوم', 7, 'الجيزة'),
(138, 'مركز الفيوم', 7, 'الجيزة'),
(139, 'مركز سنورس', 7, 'الجيزة'),
(140, 'مركز طامية', 7, 'الجيزة'),
(141, 'مركز يوسف الصديق', 7, 'الجيزة'),
(142, 'مركز السنطة', 8, 'طنطا'),
(143, 'قسم أول المحلة', 8, 'طنطا'),
(144, 'مركز المحلة وبشبيش', 8, 'طنطا'),
(145, 'قسم أول طنطا', 8, 'طنطا'),
(146, 'مركز بسيون', 8, 'طنطا'),
(147, 'قسم ثان طنطا', 8, 'طنطا'),
(148, 'مركز زفتى', 8, 'طنطا'),
(149, 'مركز سمنود', 8, 'طنطا'),
(150, 'مركز طنطا ومحلة مرحوم', 8, 'طنطا'),
(151, 'مركز قطور', 8, 'طنطا'),
(152, 'مركز كفر الزيات', 8, 'طنطا'),
(153, 'قسم ثان المحلة', 8, 'طنطا'),
(154, 'قسم الإسماعلية', 9, 'الزقازيق'),
(155, 'مركز الإسماعيلية', 9, 'الزقازيق'),
(156, 'قسم القنطرة شرق', 9, 'الزقازيق'),
(157, 'قسم القنطرة غرب', 9, 'الزقازيق'),
(158, 'مركز التل الكبير', 9, 'الزقازيق'),
(159, 'مركز فايد', 9, 'الزقازيق'),
(160, 'قسم ثان الإسماعيلية ', 9, 'الزقازيق'),
(161, 'قسم ثالث الإسماعيلية', 9, 'الزقازيق'),
(162, 'مركز أشمون', 10, 'طنطا'),
(163, 'مركز الباجور', 10, 'طنطا'),
(164, 'مركز الشهداء', 10, 'طنطا'),
(165, 'مركز تلا', 10, 'طنطا'),
(166, 'قسم شبين الكوم', 10, 'طنطا'),
(167, 'مركز شبين الكوم', 10, 'طنطا'),
(168, 'مركز قويسنا', 10, 'طنطا'),
(169, 'مركز منوف', 10, 'طنطا'),
(170, 'مركز بركة السبع', 10, 'طنطا'),
(171, 'مركز سرس الليان', 10, 'طنطا'),
(172, 'قسم السادات', 10, 'طنطا'),
(173, 'قسم منوف', 10, 'طنطا'),
(174, 'مركز أبو قرقاص', 11, 'المنيا'),
(175, 'مركز العدوة', 11, 'المنيا'),
(176, 'قسم المنيا', 11, 'المنيا'),
(177, 'مركز المنيا', 11, 'المنيا'),
(178, 'مركز بني مزار', 11, 'المنيا'),
(179, 'مركز دير مواس', 11, 'المنيا'),
(180, 'مركز سمالوط', 11, 'المنيا'),
(181, 'مركز مطاي', 11, 'المنيا'),
(182, 'مركز مغاغة', 11, 'المنيا'),
(183, 'قسم ملوي', 11, 'المنيا'),
(184, 'مركز ملوي', 11, 'المنيا'),
(185, 'قسم المنيا', 11, 'المنيا'),
(186, 'قسم مدينة المنيا الجديدة', 11, 'المنيا'),
(187, 'مركز الخانكة ', 12, 'القاهرة'),
(188, 'قسم بنها', 12, 'القاهرة'),
(189, 'مركز بنها', 12, 'القاهرة'),
(190, 'مركز شبرا الخيمة', 12, 'القاهرة'),
(191, 'مركز شبين القناطر', 12, 'القاهرة'),
(192, 'مركز طوخ وبرشوم المحلة', 12, 'القاهرة'),
(193, 'مركز قليوب', 12, 'القاهرة'),
(194, 'مركز القناطر الخيرية', 12, 'القاهرة'),
(195, 'مركز كفر شكر', 12, 'القاهرة'),
(196, 'قسم ثان شبرا الخيمة', 12, 'القاهرة'),
(197, 'قسم قليوب', 12, 'القاهرة'),
(198, 'قسم العبور', 12, 'القاهرة'),
(199, 'قسم قها', 12, 'القاهرة'),
(200, 'قسم الخانكة', 12, 'القاهرة'),
(201, 'قسم الواحات الخارجة ', 13, 'أسيوط'),
(202, 'قسم الواحات الداخلة', 13, 'أسيوط'),
(203, 'مركز الفرافرة', 13, 'أسيوط'),
(204, 'قسم باريس', 13, 'أسيوط'),
(205, 'قسم عتاقة', 14, 'الزقازيق'),
(206, 'قسم السويس', 14, 'الزقازيق'),
(207, 'قسم الأربعين', 14, 'الزقازيق'),
(208, 'قسم ميناء السويس', 14, 'الزقازيق'),
(209, 'قسم فيصل', 14, 'الزقازيق'),
(210, 'قسم الجناين', 14, 'الزقازيق'),
(211, 'مركز ادفو', 15, 'قنا'),
(212, 'قسم أسوان', 15, 'قنا'),
(213, 'مركز أسوان', 15, 'قنا'),
(214, 'مركز حاجر أسوان', 15, 'قنا'),
(215, 'مركز نصر النوبة', 15, 'قنا'),
(216, 'مركز كوم أمبو', 15, 'قنا'),
(217, 'قسم حدود أسوان', 15, 'قنا'),
(218, 'مركز دراو', 15, 'قنا'),
(219, 'مركز أبو سمبل', 15, 'قنا'),
(220, 'قسم أول أسوان', 15, 'قنا'),
(221, 'قسم ثان أسوان', 15, 'قنا'),
(222, 'مركز أبنوب', 16, 'أسيوط'),
(223, 'مركز أبو تيج', 16, 'أسيوط'),
(224, 'مركز أسيوط', 16, 'أسيوط'),
(225, 'مركز البداري', 16, 'أسيوط'),
(226, 'مركز القوصية', 16, 'أسيوط'),
(227, 'قسم أول اسيوط', 16, 'أسيوط'),
(228, 'قسم ثان أسيوط', 16, 'أسيوط'),
(229, 'مركز ديروط', 16, 'أسيوط'),
(230, 'مركز صدفا', 16, 'أسيوط'),
(231, 'مركز منفلوط', 16, 'أسيوط'),
(232, 'مركز الغنايم', 16, 'أسيوط'),
(233, 'مركز ساحل سليم', 16, 'أسيوط'),
(234, 'مركز الفتح', 16, 'أسيوط'),
(235, 'مركز الفشن', 17, 'المنيا'),
(236, 'مركز الواسطى', 17, 'المنيا'),
(237, 'مركز اهناسيا', 17, 'المنيا'),
(238, 'مركز ببا', 17, 'المنيا'),
(239, 'قسم بني سويف', 17, 'المنيا'),
(240, 'مركز بني سويف', 17, 'المنيا'),
(241, 'مركز ناصر', 17, 'المنيا'),
(242, 'مركز سمسطا', 17, 'المنيا'),
(243, 'مركز بني سويف الجديدة', 17, 'المنيا'),
(244, 'قسم الشرق', 18, 'الزقازيق'),
(245, 'قسم العرب', 18, 'الزقازيق'),
(246, 'قسم المناخ', 18, 'الزقازيق'),
(247, 'قسم بور فؤاد', 18, 'الزقازيق'),
(248, 'قسم ضواحي بور سعيد', 18, 'الزقازيق'),
(249, 'مركز الزهور', 18, 'الزقازيق'),
(250, 'قسم الجنوب', 18, 'الزقازيق'),
(251, 'قسم ثان بور فؤاد', 18, 'الزقازيق'),
(252, 'قسم مبارك', 18, 'الزقازيق'),
(253, 'قسم المناصرة', 18, 'الزقازيق'),
(254, 'قسم ثان الجنوب', 18, 'الزقازيق'),
(255, 'قسم دمياط', 19, 'المنصورة'),
(256, 'مركز دمياط', 19, 'المنصورة'),
(257, 'مركز فارسكور', 19, 'المنصورة'),
(258, 'مركز كفر سعد', 19, 'المنصورة'),
(259, 'مركز الزرقا', 19, 'المنصورة'),
(260, 'قسم رأس البر', 19, 'المنصورة'),
(261, 'قسم دمياط الجديدة', 19, 'المنصورة'),
(262, 'مركز أبو حماد', 20, 'الزقازيق'),
(263, 'مركز أبو كبير', 20, 'الزقازيق'),
(264, 'مركز الحسينية', 20, 'الزقازيق'),
(265, 'قسم أول الزقازيق', 20, 'الزقازيق'),
(266, 'مركز الزقازيق', 20, 'الزقازيق'),
(267, 'مركز بلبيس', 20, 'الزقازيق'),
(268, 'مركز ديرب نجم', 20, 'الزقازيق'),
(269, 'مركز فاقوس', 20, 'الزقازيق'),
(270, 'مركز كفر صقر', 20, 'الزقازيق'),
(271, 'مركز منيا القمح', 20, 'الزقازيق'),
(272, 'مركز ههيا', 20, 'الزقازيق'),
(273, 'قسم ثان الزقازيق', 20, 'الزقازيق'),
(274, 'مركز مشتول السوق', 20, 'الزقازيق'),
(275, 'مركز الإبراهيمية', 20, 'الزقازيق'),
(276, 'مركز القنايات', 20, 'الزقازيق'),
(277, 'مركز أولاد صقر', 20, 'الزقازيق'),
(278, 'قسم العاشر من رمضان', 20, 'الزقازيق'),
(279, 'مركز القرين', 20, 'الزقازيق'),
(280, 'قسم فاقوس', 20, 'الزقازيق'),
(281, 'قسم الصالحية الجديدة', 20, 'الزقازيق'),
(282, 'قسم ثان العاشر من رمضان', 20, 'الزقازيق'),
(283, 'قسم الشط (راس سدر)', 21, 'الزقازيق'),
(284, 'قسم الطور', 21, 'الزقازيق'),
(285, 'مركز أبو زنيمة', 21, 'الزقازيق'),
(286, 'قسم نويبع', 21, 'الزقازيق'),
(287, 'قسم دهب', 21, 'الزقازيق'),
(288, 'قسم شرم الشيخ', 21, 'الزقازيق'),
(289, 'قسم سانت كاترين', 21, 'الزقازيق'),
(290, 'قسم أبو زنيمة', 21, 'الزقازيق'),
(291, 'قسم طابا', 21, 'الزقازيق'),
(292, 'مركز البرلس', 22, 'المنصورة'),
(293, 'مركز بيلا', 22, 'المنصورة'),
(294, 'مركز دسوق', 22, 'المنصورة'),
(295, 'قسم سيدي سالم ', 22, 'المنصورة'),
(296, 'مركز فوة', 22, 'المنصورة'),
(297, 'مركز قلين', 22, 'المنصورة'),
(298, 'قسم كفر الشيخ', 22, 'المنصورة'),
(299, 'مركز كفر الشيخ', 22, 'المنصورة'),
(300, 'مركز مطوبس', 22, 'المنصورة'),
(301, 'مركز الحامول', 22, 'المنصورة'),
(302, 'مركز الرياض', 22, 'المنصورة'),
(303, 'مركز دسوق', 22, 'المنصورة'),
(304, 'قسم الحمام', 23, 'الأسكندرية'),
(305, 'قسم السلوم', 23, 'الأسكندرية'),
(306, 'قسم الضبعة', 23, 'الأسكندرية'),
(307, 'قسم سيدي براني', 23, 'الأسكندرية'),
(308, 'قسم سيوة', 23, 'الأسكندرية'),
(309, 'قسم مطروح', 23, 'الأسكندرية'),
(310, 'قسم مارينا', 23, 'الأسكندرية'),
(311, 'مركز أرمنت', 24, 'قنا'),
(312, 'مركز إسنا', 24, 'قنا'),
(313, 'مركز الأقصر', 24, 'قنا'),
(314, 'قسم الأقصر', 24, 'قنا'),
(315, 'قسم طيبة', 24, 'قنا'),
(316, 'مركز القرنة', 24, 'قنا'),
(317, 'مركز أبو تشت', 25, 'قنا'),
(318, 'مركز دشنا', 25, 'قنا'),
(319, 'قسم قنا', 25, 'قنا'),
(320, 'مركز قنا', 25, 'قنا'),
(321, 'مركز قوص', 25, 'قنا'),
(322, 'مركز نجع حمادي', 25, 'قنا'),
(323, 'مركز نقادة', 25, 'قنا'),
(324, 'مركز فرشوط', 25, 'قنا'),
(325, 'مركز قفط', 25, 'قنا'),
(326, 'قسم الوقف', 25, 'قنا'),
(327, 'قسم ثان العريش', 26, 'الزقازيق'),
(328, 'قسم بير العبد', 26, 'الزقازيق'),
(329, 'مركز نخل', 26, 'الزقازيق'),
(330, 'قسم رفح', 26, 'الزقازيق'),
(331, 'قسم أول العريش', 26, 'الزقازيق'),
(332, 'قسم ثالث العريش', 26, 'الزقازيق'),
(333, 'قسم رمانة', 26, 'الزقازيق'),
(334, 'قسم رابع العريش', 26, 'الزقازيق'),
(335, 'مركز اخميم', 27, 'أسيوط'),
(336, 'مركز البلينا', 27, 'أسيوط'),
(337, 'مركز المراغة', 27, 'أسيوط'),
(338, 'مركز المنشاة', 27, 'أسيوط'),
(339, 'مركز دار السلام ', 27, 'أسيوط'),
(340, 'مركز جرجا', 27, 'أسيوط'),
(341, 'مركز ساقلته', 27, 'أسيوط'),
(342, 'قسم سوهاج', 27, 'أسيوط'),
(343, 'مركز سوهاج', 27, 'أسيوط'),
(344, 'مركز طما', 27, 'أسيوط'),
(345, 'مركز طهطا', 27, 'أسيوط'),
(346, 'مركز جهينة الغربية', 27, 'أسيوط'),
(347, 'قسم ثان سوهاج', 27, 'أسيوط'),
(348, 'قسم جرجا', 27, 'أسيوط'),
(349, 'قسم طهطا', 27, 'أسيوط'),
(350, 'قسم الكوثر', 27, 'أسيوط'),
(351, 'مركز العسيرات', 27, 'أسيوط');

-- --------------------------------------------------------

--
-- Table structure for table `police_stations`
--

CREATE TABLE `police_stations` (
  `id` int(11) NOT NULL,
  `station` varchar(90) NOT NULL
) ENGINE=InnoDB DEFAULT CHARSET=utf8;

--
-- Dumping data for table `police_stations`
--

INSERT INTO `police_stations` (`id`, `station`) VALUES
(1, 'قسم الإسماعلية'),
(2, 'مركز الإسماعيلية'),
(3, 'قسم القنطرة شرق'),
(4, 'قسم القنطرة غرب'),
(5, 'مركز التل الكبير'),
(6, 'مركز فايد'),
(7, 'قسم ثان الإسماعيلية '),
(8, 'قسم ثالث الإسماعيلية'),
(9, 'قسم الجمرك'),
(10, 'قسم الدخيلة'),
(11, 'قسم الرمل'),
(12, 'قسم العطارين'),
(13, 'قسم اللبان'),
(14, 'قسم المنتزه ثالث'),
(15, 'قسم المنتزه أول'),
(16, 'قسم المنتزه ثاني'),
(17, 'قسم المنشية'),
(18, 'قسم باب شرق'),
(19, 'قسم برج العرب'),
(20, 'قسم كرموز'),
(21, 'قسم محرم بك'),
(22, 'قسم مينا البصل'),
(23, 'قسم العامرية'),
(24, 'قسم ميناء الأسكندرية'),
(25, 'قسم سيدي جابر'),
(26, 'قسم غربال'),
(27, 'قسم أول الرمل'),
(28, 'قسم ثان الرمل'),
(29, 'مركز أرمنت'),
(30, 'مركز إسنا'),
(31, 'مركز الأقصر'),
(32, 'قسم الأقصر'),
(33, 'قسم طيبة'),
(34, 'مركز القرنة'),
(35, 'قسم الغرقة'),
(36, 'مركز القصير'),
(37, 'مركز سفاجا'),
(38, 'قسم رأس غارب'),
(39, 'قسم مرسى علم'),
(40, 'قسم الشلاتين'),
(41, 'قسم حلايب'),
(42, 'قسم أول الغردقة'),
(43, 'قسم ثان الغردقة'),
(44, 'مركز أبو المطامير'),
(45, 'مركز أبو حمص'),
(46, 'مركز الدلنجات'),
(47, 'مركز المحمودية'),
(48, 'مركز ايتاي البارود'),
(49, 'مركز حوش عيسى'),
(50, 'قسم دمنهور'),
(51, 'مركز دمنهور'),
(52, 'مركز رشيد'),
(53, 'مركز شبراخيت'),
(54, 'مركز كفر الدوار'),
(55, 'مركز كوم حمادة'),
(56, 'مركز وادي النطرون'),
(57, 'قسم كفر الدوار'),
(58, 'مركز الرحمانية'),
(59, 'مركز ادكو'),
(60, 'مركز بدر'),
(61, 'قسم غرب النوبارية '),
(62, 'مركز البدرشين'),
(63, 'مركز الجيزة'),
(64, 'قسم الشيخ زايد'),
(65, 'قسم الصف'),
(66, 'مركز العياط'),
(67, 'قسم الواحات البحرية'),
(68, 'قسم امبابة'),
(69, 'قسم الجيزة'),
(70, 'قسم الدقي'),
(71, 'قسم الأهرام'),
(72, 'قسم امبابة'),
(73, 'قسم العجوزة'),
(74, 'قسم بولاق الدكرور'),
(75, 'مركز الحوامدية'),
(76, 'مركز اوسيم'),
(77, 'مركز اطفيح'),
(78, 'قسم 06-أكتوبر'),
(79, 'قسم العمرانية'),
(80, 'قسم وراق الحضر'),
(81, 'مركز الشيخ زايد'),
(82, 'مركز كرداسة '),
(83, 'قسم أول 6 اكتوبر'),
(84, 'قسم ثان 6 اكتوبر'),
(85, 'مركز اجا'),
(86, 'مركز السنبلاوين'),
(87, 'مركز المنزلة'),
(88, 'مركز المنصورة'),
(89, 'قسم أول منصورة'),
(90, 'مركز بلقاس'),
(91, 'قسم ثان المنصورة '),
(92, 'مركز دكرنس'),
(93, 'مركز شربين'),
(94, 'مركز طلخا'),
(95, 'مركز ميت غمر'),
(96, 'قسم المطرية '),
(97, 'قسم ميت غمر'),
(98, 'مركز منية النصر'),
(99, 'مركز الجمالية'),
(100, 'مركز تمي الأمديد'),
(101, 'مركز بطرة'),
(102, 'مركز ميت سلسيل'),
(103, 'مركز بني عبيد'),
(104, 'مركز محلة دمنة'),
(105, 'مركز جمصة'),
(106, 'مركز نبروه'),
(107, 'قسم عتاقة'),
(108, 'قسم السويس'),
(109, 'قسم الأربعين'),
(110, 'قسم ميناء السويس'),
(111, 'قسم فيصل'),
(112, 'قسم الجناين'),
(113, 'مركز أبو حماد'),
(114, 'مركز أبو كبير'),
(115, 'مركز الحسينية'),
(116, 'قسم أول الزقازيق'),
(117, 'مركز الزقازيق'),
(118, 'مركز بلبيس'),
(119, 'مركز ديرب نجم'),
(120, 'مركز فاقوس'),
(121, 'مركز كفر صقر'),
(122, 'مركز منيا القمح'),
(123, 'مركز ههيا'),
(124, 'قسم ثان الزقازيق'),
(125, 'مركز مشتول السوق'),
(126, 'مركز الإبراهيمية'),
(127, 'مركز القنايات'),
(128, 'مركز أولاد صقر'),
(129, 'قسم العاشر من رمضان'),
(130, 'مركز القرين'),
(131, 'قسم فاقوس'),
(132, 'قسم الصالحية الجديدة'),
(133, 'قسم ثان العاشر من رمضان'),
(134, 'مركز السنطة'),
(135, 'قسم أول المحلة'),
(136, 'مركز المحلة وبشبيش'),
(137, 'قسم أول طنطا'),
(138, 'مركز بسيون'),
(139, 'قسم ثان طنطا'),
(140, 'مركز زفتى'),
(141, 'مركز سمنود'),
(142, 'مركز طنطا ومحلة مرحوم'),
(143, 'مركز قطور'),
(144, 'مركز كفر الزيات'),
(145, 'قسم ثان المحلة'),
(146, 'مركز ابشواى'),
(147, 'مركز اطسا'),
(148, 'قسم الفيوم'),
(149, 'مركز الفيوم'),
(150, 'مركز سنورس'),
(151, 'مركز طامية'),
(152, 'مركز يوسف الصديق'),
(153, 'قسم الأزبكية'),
(154, 'قسم الجمالية'),
(155, 'قسم الخليفة'),
(156, 'قسم الدرب الأحمر'),
(157, 'قسم الزيتون '),
(158, 'قسم الساحل'),
(159, 'قسم السيدة زينب'),
(160, 'قسم الظاهر'),
(161, 'قسم المطرية'),
(162, 'قسم المعادي'),
(163, 'قسم الموسكي'),
(164, 'قسم الوايلي'),
(165, 'قسم باب الشعرية'),
(166, 'قسم بولاق أبو العلا'),
(167, 'قسم حلوان'),
(168, 'قسم روض الفرج'),
(169, 'قسم شبرا مصر'),
(170, 'قسم عابدين'),
(171, 'قسم قصر النيل'),
(172, 'قسم مصر الجديدة'),
(173, 'قسم مصر القديمة'),
(174, 'قسم النزهة'),
(175, 'قسم حدائق القبة'),
(176, 'قسم مدينة نصر'),
(177, 'قسم التبين'),
(178, 'قسم الشرابية'),
(179, 'قسم عين شمس'),
(180, 'قسم الزاوية الحمراء'),
(181, 'قسم السلام'),
(182, 'قسم الزمالك'),
(183, 'قسم منشية ناصر'),
(184, 'قسم البساتين'),
(185, 'قسم 15-مايو'),
(186, 'قسم طرة المعادي'),
(187, 'قسم ثان مدينة نصر'),
(188, 'قسم المرج'),
(189, 'قسم القاهرة الجديدة'),
(190, 'قسم مدينة الأمل'),
(191, 'قسم مدينة بدر'),
(192, 'مركز الشروق'),
(193, 'قسم التجمع الأول'),
(194, 'قسم أول القاهرة الجديدة'),
(195, 'قسم ثان القاهرة الجديدة'),
(196, 'قسم ثالث القاهرة'),
(197, 'مركز الخانكة '),
(198, 'قسم بنها'),
(199, 'مركز بنها'),
(200, 'مركز شبرا الخيمة'),
(201, 'مركز شبين القناطر'),
(202, 'مركز طوخ وبرشوم المحلة'),
(203, 'مركز قليوب'),
(204, 'مركز القناطر الخيرية'),
(205, 'مركز كفر شكر'),
(206, 'قسم ثان شبرا الخيمة'),
(207, 'قسم قليوب'),
(208, 'قسم العبور'),
(209, 'قسم قها'),
(210, 'قسم الخانكة'),
(211, 'مركز أشمون'),
(212, 'مركز الباجور'),
(213, 'مركز الشهداء'),
(214, 'مركز تلا'),
(215, 'قسم شبين الكوم'),
(216, 'مركز شبين الكوم'),
(217, 'مركز قويسنا'),
(218, 'مركز منوف'),
(219, 'مركز بركة السبع'),
(220, 'مركز سرس الليان'),
(221, 'قسم السادات'),
(222, 'قسم منوف'),
(223, 'مركز أبو قرقاص'),
(224, 'مركز العدوة'),
(225, 'قسم المنيا'),
(226, 'مركز المنيا'),
(227, 'مركز بني مزار'),
(228, 'مركز دير مواس'),
(229, 'مركز سمالوط'),
(230, 'مركز مطاي'),
(231, 'مركز مغاغة'),
(232, 'قسم ملوي'),
(233, 'مركز ملوي'),
(234, 'قسم المنيا'),
(235, 'قسم مدينة المنيا الجديدة'),
(236, 'قسم الواحات الخارجة '),
(237, 'قسم الواحات الداخلة'),
(238, 'مركز الفرافرة'),
(239, 'قسم باريس'),
(240, 'مركز ادفو'),
(241, 'قسم أسوان'),
(242, 'مركز أسوان'),
(243, 'مركز حاجر أسوان'),
(244, 'مركز نصر النوبة'),
(245, 'مركز كوم أمبو'),
(246, 'قسم حدود أسوان'),
(247, 'مركز دراو'),
(248, 'مركز أبو سمبل'),
(249, 'قسم أول أسوان'),
(250, 'قسم ثان أسوان'),
(251, 'مركز أبنوب'),
(252, 'مركز أبو تيج'),
(253, 'مركز أسيوط'),
(254, 'مركز البداري'),
(255, 'مركز القوصية'),
(256, 'قسم أول اسيوط'),
(257, 'قسم ثان أسيوط'),
(258, 'مركز ديروط'),
(259, 'مركز صدفا'),
(260, 'مركز منفلوط'),
(261, 'مركز الغنايم'),
(262, 'مركز ساحل سليم'),
(263, 'مركز الفتح'),
(264, 'مركز الفشن'),
(265, 'مركز الواسطى'),
(266, 'مركز اهناسيا'),
(267, 'مركز ببا'),
(268, 'قسم بني سويف'),
(269, 'مركز بني سويف'),
(270, 'مركز ناصر'),
(271, 'مركز سمسطا'),
(272, 'مركز بني سويف الجديدة'),
(273, 'قسم الشرق'),
(274, 'قسم العرب'),
(275, 'قسم المناخ'),
(276, 'قسم بور فؤاد'),
(277, 'قسم ضواحي بور سعيد'),
(278, 'مركز الزهور'),
(279, 'قسم الجنوب'),
(280, 'قسم ثان بور فؤاد'),
(281, 'قسم مبارك'),
(282, 'قسم المناصرة'),
(283, 'قسم ثان الجنوب'),
(284, 'قسم الشط (راس سدر)'),
(285, 'قسم الطور'),
(286, 'مركز أبو زنيمة'),
(287, 'قسم نويبع'),
(288, 'قسم دهب'),
(289, 'قسم شرم الشيخ'),
(290, 'قسم سانت كاترين'),
(291, 'قسم أبو زنيمة'),
(292, 'قسم طابا'),
(293, 'قسم دمياط'),
(294, 'مركز دمياط'),
(295, 'مركز فارسكور'),
(296, 'مركز كفر سعد'),
(297, 'مركز الزرقا'),
(298, 'قسم رأس البر'),
(299, 'قسم دمياط الجديدة'),
(300, 'مركز اخميم'),
(301, 'مركز البلينا'),
(302, 'مركز المراغة'),
(303, 'مركز المنشاة'),
(304, 'مركز دار السلام '),
(305, 'مركز جرجا'),
(306, 'مركز ساقلته'),
(307, 'قسم سوهاج'),
(308, 'مركز سوهاج'),
(309, 'مركز طما'),
(310, 'مركز طهطا'),
(311, 'مركز جهينة الغربية'),
(312, 'قسم ثان سوهاج'),
(313, 'قسم جرجا'),
(314, 'قسم طهطا'),
(315, 'قسم الكوثر'),
(316, 'مركز العسيرات'),
(317, 'قسم ثان العريش'),
(318, 'قسم بير العبد'),
(319, 'مركز نخل'),
(320, 'قسم رفح'),
(321, 'قسم أول العريش'),
(322, 'قسم ثالث العريش'),
(323, 'قسم رمانة'),
(324, 'قسم رابع العريش'),
(325, 'مركز أبو تشت'),
(326, 'مركز دشنا'),
(327, 'قسم قنا'),
(328, 'مركز قنا'),
(329, 'مركز قوص'),
(330, 'مركز نجع حمادي'),
(331, 'مركز نقادة'),
(332, 'مركز فرشوط'),
(333, 'مركز قفط'),
(334, 'قسم الوقف'),
(335, 'مركز البرلس'),
(336, 'مركز بيلا'),
(337, 'مركز دسوق'),
(338, 'قسم سيدي سالم '),
(339, 'مركز فوة'),
(340, 'مركز قلين'),
(341, 'قسم كفر الشيخ'),
(342, 'مركز كفر الشيخ'),
(343, 'مركز مطوبس'),
(344, 'مركز الحامول'),
(345, 'مركز الرياض'),
(346, 'مركز دسوق'),
(347, 'قسم الحمام'),
(348, 'قسم السلوم'),
(349, 'قسم الضبعة'),
(350, 'قسم سيدي براني'),
(351, 'قسم سيوة'),
(352, 'قسم مطروح'),
(353, 'قسم مارينا');

--
-- Indexes for dumped tables
--

--
-- Indexes for table `governorates`
--
ALTER TABLE `governorates`
  ADD PRIMARY KEY (`id`);

--
-- Indexes for table `military`
--
ALTER TABLE `military`
  ADD PRIMARY KEY (`id`),
  ADD KEY `governorate_id` (`governorate_id`);

--
-- Indexes for table `police_stations`
--
ALTER TABLE `police_stations`
  ADD PRIMARY KEY (`id`);

--
-- AUTO_INCREMENT for dumped tables
--

--
-- AUTO_INCREMENT for table `governorates`
--
ALTER TABLE `governorates`
  MODIFY `id` int(11) NOT NULL AUTO_INCREMENT, AUTO_INCREMENT=28;

--
-- AUTO_INCREMENT for table `military`
--
ALTER TABLE `military`
  MODIFY `id` int(11) NOT NULL AUTO_INCREMENT, AUTO_INCREMENT=352;

--
-- AUTO_INCREMENT for table `police_stations`
--
ALTER TABLE `police_stations`
  MODIFY `id` int(11) NOT NULL AUTO_INCREMENT, AUTO_INCREMENT=354;

--
-- Constraints for dumped tables
--

--
-- Constraints for table `military`
--
ALTER TABLE `military`
  ADD CONSTRAINT `military_ibfk_1` FOREIGN KEY (`governorate_id`) REFERENCES `governorates` (`id`) ON DELETE CASCADE ON UPDATE CASCADE;
COMMIT;

/*!40101 SET CHARACTER_SET_CLIENT=@OLD_CHARACTER_SET_CLIENT */;
/*!40101 SET CHARACTER_SET_RESULTS=@OLD_CHARACTER_SET_RESULTS */;
/*!40101 SET COLLATION_CONNECTION=@OLD_COLLATION_CONNECTION */;
